{
    "Decision Tree": {
        "accuracy": 0.927,
        "precision": 0.8763796909492274,
        "recall": 0.8151950718685832,
        "f1_score": 0.8446808510638298,
        "auc_roc": 0.9684283098838132,
        "confusion_matrix": [
            [
                1457,
                56
            ],
            [
                90,
                397
            ]
        ]
    },
    "Random Forest": {
        "accuracy": 0.955,
        "precision": 0.9232409381663113,
        "recall": 0.8891170431211499,
        "f1_score": 0.9058577405857741,
        "auc_roc": 0.9919248782963801,
        "confusion_matrix": [
            [
                1477,
                36
            ],
            [
                54,
                433
            ]
        ]
    },
    "K-Nearest Neighbors": {
        "accuracy": 0.939,
        "precision": 0.9046563192904656,
        "recall": 0.837782340862423,
        "f1_score": 0.8699360341151386,
        "auc_roc": 0.9809352483812435,
        "confusion_matrix": [
            [
                1470,
                43
            ],
            [
                79,
                408
            ]
        ]
    },
    "xgb_threshold": 0.34400880176035203,
    "XGBoost": {
        "accuracy": 0.9655,
        "precision": 0.8884758364312267,
        "recall": 0.9815195071868583,
        "f1_score": 0.9326829268292683,
        "auc_roc": 0.9958986524725479,
        "confusion_matrix": [
            [
                1453,
                60
            ],
            [
                9,
                478
            ]
        ]
    }
}